2, 61.45, 8.95, 0.46658
2.0244, 61.5, 8.95, 0.39856
2.0744, 60.95, 9, 0.44994
2.0899, 61, 9, 0.3934
2.1147, 61.05, 9, 0.35966
2.1337, 61.1, 9, 0.3359
2.1499, 61.15, 9, 0.31714
2.1638, 61.2, 9, 0.30264
2.1763, 61.25, 9, 0.2896
2.1877, 61.3, 9, 0.2787
2.1976, 61.35, 9, 0.26924
2.2072, 61.4, 9, 0.2605
2.2156, 61.45, 9, 0.25386
2.2236, 61.5, 9, 0.24656
2.2737, 60.9, 9.05, 0.2632
2.3193, 61.2, 9.05, 0.26495
2.3211, 61.25, 9.05, 0.25618
2.327, 61.3, 9.05, 0.24847
2.3322, 61.35, 9.05, 0.24219
2.3625, 60.6, 9.1, 0.23996
2.3699, 60.65, 9.1, 0.23462
2.3768, 60.7, 9.1, 0.23
2.3833, 60.75, 9.1, 0.22542
2.3895, 60.8, 9.1, 0.22082
2.3952, 60.85, 9.1, 0.21766
2.4009, 60.9, 9.1, 0.21312
2.4509, 61.5, 9.1, 0.38888
2.4673, 60.45, 9.15, 0.37928
2.5173, 59.85, 9.2, 0.39866
2.5193, 59.9, 9.2, 0.38684
2.5238, 61.15, 9.15, 0.37978
2.5254, 59.95, 9.2, 0.37586
2.5264, 61.2, 9.15, 0.36855
2.5292, 61.25, 9.15, 0.35803
2.5317, 61.3, 9.15, 0.34759
2.5342, 61.35, 9.15, 0.33789
2.5363, 61.4, 9.15, 0.3286
2.5387, 61.45, 9.15, 0.32003
2.5407, 61.5, 9.15, 0.31188
2.5908, 60.5, 9.2, 0.35645
2.5994, 60.85, 9.2, 0.34764
2.602, 60.9, 9.2, 0.33816
2.6046, 60.95, 9.2, 0.32946
2.6068, 61, 9.2, 0.32078
2.6089, 61.05, 9.2, 0.31284
2.611, 61.1, 9.2, 0.30498
2.6131, 61.15, 9.2, 0.29782
2.6152, 61.2, 9.2, 0.29068
2.6169, 61.25, 9.2, 0.28292
2.6186, 61.3, 9.2, 0.27658
2.6202, 61.35, 9.2, 0.27024
2.6219, 61.4, 9.2, 0.26396
2.6235, 61.45, 9.2, 0.25836
2.6247, 61.5, 9.2, 0.25212
2.6747, 60.5, 9.25, 0.28861
2.6867, 60.85, 9.25, 0.28586
2.6884, 60.9, 9.25, 0.27944
2.6919, 61, 9.25, 0.2674
2.6935, 61.05, 9.25, 0.26106
2.6949, 61.1, 9.25, 0.25616
2.6965, 61.15, 9.25, 0.25058
2.6977, 61.2, 9.25, 0.24502
2.6986, 61.25, 9.25, 0.23878
2.6998, 61.3, 9.25, 0.23396
2.701, 61.35, 9.25, 0.22986
2.7018, 61.4, 9.25, 0.22438
2.703, 61.45, 9.25, 0.21962
2.7037, 61.5, 9.25, 0.21556
2.7537, 60.4, 9.3, 0.2606
2.7555, 60.45, 9.3, 0.25459
2.7574, 60.5, 9.3, 0.24968
2.7685, 60.85, 9.3, 0.24842
2.7698, 60.9, 9.3, 0.24355
2.7707, 60.95, 9.3, 0.23763
2.772, 61, 9.3, 0.23277
2.7728, 61.05, 9.3, 0.22762
2.774, 61.1, 9.3, 0.22385
2.7748, 61.15, 9.3, 0.21872
2.7756, 61.2, 9.3, 0.21468
2.7761, 61.25, 9.3, 0.21029
2.7768, 61.3, 9.3, 0.20624
2.7776, 61.35, 9.3, 0.20221
2.7779, 61.4, 9.3, 0.19752
2.7782, 61.45, 9.3, 0.19353
2.7789, 61.5, 9.3, 0.19024
2.8289, 60.15, 9.35, 0.24433
2.8291, 60.2, 9.35, 0.23943
2.831, 60.25, 9.35, 0.23453
2.8328, 60.3, 9.35, 0.2293
2.8343, 60.35, 9.35, 0.22479
2.8357, 60.4, 9.35, 0.22068
2.8371, 60.45, 9.35, 0.21659
2.8385, 60.5, 9.35, 0.21213
2.846, 60.85, 9.35, 0.21204
2.8469, 60.9, 9.35, 0.20796
2.8473, 60.95, 9.35, 0.2039
2.8481, 61, 9.35, 0.20058
2.8485, 61.05, 9.35, 0.19584
2.8493, 61.1, 9.35, 0.19252
2.8496, 61.15, 9.35, 0.18852
2.85, 61.2, 9.35, 0.18522
2.8503, 61.25, 9.35, 0.18124
2.8506, 61.3, 9.35, 0.17728
2.8508, 61.4, 9.35, 0.1708
2.8509, 61.5, 9.35, 0.16434
2.9009, 61.45, 9.35, 0.16756
2.901, 59.9, 9.4, 0.23977
2.9021, 59.95, 9.4, 0.23485
2.9036, 60, 9.4, 0.23068
2.9051, 60.05, 9.4, 0.22543
2.9065, 60.1, 9.4, 0.22128
2.908, 60.15, 9.4, 0.2168
2.9094, 60.2, 9.4, 0.21305
2.9108, 60.25, 9.4, 0.20859
2.9118, 60.3, 9.4, 0.20415
2.9128, 60.35, 9.4, 0.20044
2.9141, 60.4, 9.4, 0.19639
2.915, 60.45, 9.4, 0.1927
2.916, 60.5, 9.4, 0.18939
2.9207, 61.5, 9.4, 0.1468
2.9707, 61.45, 9.4, 0.14962
2.9709, 61.4, 9.4, 0.15283
2.9711, 61.3, 9.4, 0.15923
2.9715, 61.25, 9.4, 0.16208
2.9716, 61.2, 9.4, 0.16566
2.9718, 59.6, 9.45, 0.23253
2.972, 59.65, 9.45, 0.22835
2.9739, 59.7, 9.45, 0.22343
2.9754, 59.75, 9.45, 0.21925
2.9766, 59.8, 9.45, 0.21546
2.9781, 59.85, 9.45, 0.2117
2.9795, 59.9, 9.45, 0.2072
2.9806, 59.95, 9.45, 0.20383
2.982, 60, 9.45, 0.199
2.983, 60.05, 9.45, 0.19636
2.984, 60.1, 9.45, 0.19229
2.985, 60.15, 9.45, 0.18823
2.9859, 60.2, 9.45, 0.18454
2.9869, 60.25, 9.45, 0.18087
2.9874, 60.3, 9.45, 0.17828
2.9883, 61.5, 9.45, 0.13582
2.9889, 61.45, 9.45, 0.133
3.0389, 61.4, 9.45, 0.1341
3.0396, 61.35, 9.45, 0.13656
3.0399, 61.3, 9.45, 0.13974
3.0405, 61.25, 9.45, 0.14218
3.0407, 61.2, 9.45, 0.14538
3.041, 61.15, 9.45, 0.14788
3.0412, 61.1, 9.45, 0.15108
3.0417, 60.95, 9.45, 0.16006
3.0418, 60.9, 9.45, 0.16328
3.0419, 59.35, 9.5, 0.22707
3.0434, 59.4, 9.5, 0.22209
3.0446, 59.45, 9.5, 0.21901
3.0461, 59.5, 9.5, 0.21409
3.0476, 59.55, 9.5, 0.20993
3.0488, 59.6, 9.5, 0.20691
3.0503, 59.65, 9.5, 0.20276
3.0513, 59.7, 9.5, 0.19901
3.0524, 59.75, 9.5, 0.19563
3.0534, 59.8, 9.5, 0.19189
3.0543, 61.5, 9.5, 0.14358
3.0551, 61.45, 9.5, 0.14154
3.0558, 61.4, 9.5, 0.14088
3.0566, 61.35, 9.5, 0.13878
3.0573, 61.3, 9.5, 0.13738
3.058, 61.25, 9.5, 0.13534
3.0586, 61.2, 9.5, 0.13324
3.0589, 61.15, 9.5, 0.13254
3.1089, 61.1, 9.5, 0.13484
3.1096, 61.05, 9.5, 0.1373
3.1102, 61, 9.5, 0.1405
3.1104, 60.95, 9.5, 0.14298
3.1106, 60.9, 9.5, 0.1462
3.1112, 60.5, 9.5, 0.14734
3.1116, 60.7, 9.5, 0.1577
3.1117, 60.65, 9.5, 0.16024
3.1118, 60.6, 9.5, 0.16352
3.1119, 59.1, 9.55, 0.2254
3.1135, 59.15, 9.55, 0.22081
3.1151, 59.2, 9.55, 0.21735
3.1163, 59.25, 9.55, 0.21316
3.1179, 59.3, 9.55, 0.20898
3.1189, 61.5, 9.55, 0.15244
3.1197, 61.45, 9.55, 0.15108
3.1209, 61.4, 9.55, 0.14939
3.1217, 61.35, 9.55, 0.14839
3.1229, 61.3, 9.55, 0.14596
3.1237, 61.25, 9.55, 0.14461
3.1244, 61.2, 9.55, 0.14359
3.1252, 61.15, 9.55, 0.14186
3.1259, 61.1, 9.55, 0.14084
3.1266, 61.05, 9.55, 0.13878
3.1273, 61, 9.55, 0.13701
3.1279, 60.95, 9.55, 0.13526
3.1286, 60.9, 9.55, 0.1335
3.1786, 60.85, 9.55, 0.13505
3.1788, 60.8, 9.55, 0.13789
3.1794, 60.4, 9.55, 0.13903
3.1813, 60.35, 9.55, 0.14151
3.1814, 58.8, 9.6, 0.22166
3.1819, 58.85, 9.6, 0.21744
3.1822, 61.5, 9.6, 0.15666
3.1845, 61.4, 9.6, 0.15538
3.1857, 61.35, 9.6, 0.15336
3.1869, 61.3, 9.6, 0.15202
3.1878, 61.25, 9.6, 0.15134
3.189, 61.2, 9.6, 0.14864
3.1898, 61.15, 9.6, 0.14796
3.191, 61.1, 9.6, 0.14588
3.1918, 61.05, 9.6, 0.14522
3.1926, 61, 9.6, 0.1431
3.1933, 60.95, 9.6, 0.14248
3.1944, 60.9, 9.6, 0.1397
3.1951, 60.85, 9.6, 0.1383
3.1958, 60.8, 9.6, 0.1369
3.1964, 60.75, 9.6, 0.13478
3.1967, 60.7, 9.6, 0.1341
3.1974, 60.65, 9.6, 0.13266
3.2474, 60.6, 9.6, 0.13284
3.248, 60.55, 9.6, 0.13534
3.2486, 60.15, 9.6, 0.13558
3.2504, 61.3, 9.65, 0.1593
3.2511, 61.25, 9.65, 0.15762
3.252, 61.2, 9.65, 0.15698
3.2533, 61.15, 9.65, 0.15563
3.2545, 61.1, 9.65, 0.15428
3.2558, 61.05, 9.65, 0.15222
3.2566, 61, 9.65, 0.15122
3.2578, 60.95, 9.65, 0.1495
3.2586, 60.9, 9.65, 0.14885
3.2598, 60.85, 9.65, 0.1464
3.2606, 60.8, 9.65, 0.14503
3.2613, 60.75, 9.65, 0.144
3.2621, 60.7, 9.65, 0.14333
3.2631, 60.65, 9.65, 0.14122
3.2638, 60.6, 9.65, 0.13912
3.2645, 60.55, 9.65, 0.13807
3.2692, 59.9, 9.65, 0.13677
3.3193, 61.1, 9.7, 0.15876
3.3195, 61, 9.7, 0.15674
3.3208, 60.95, 9.7, 0.15538
3.322, 60.9, 9.7, 0.15332
3.3232, 60.85, 9.7, 0.15196
3.3241, 60.8, 9.7, 0.1513
3.3253, 60.75, 9.7, 0.1492
3.3265, 60.7, 9.7, 0.14786
3.3273, 60.65, 9.7, 0.14718
3.3281, 60.6, 9.7, 0.14582
3.3292, 60.55, 9.7, 0.1437
3.3365, 59.9, 9.7, 0.14277
3.337, 59.85, 9.7, 0.14101
3.3371, 59.8, 9.7, 0.14032
3.3372, 59.75, 9.7, 0.13818
3.3376, 59.65, 9.7, 0.13462
3.3876, 60.8, 9.75, 0.158
3.388, 60.75, 9.75, 0.15594
3.3893, 60.7, 9.75, 0.15456
3.3906, 60.65, 9.75, 0.1525
3.3926, 60.55, 9.75, 0.15046
3.4035, 59.85, 9.75, 0.1478
3.404, 59.8, 9.75, 0.14605
3.4042, 59.75, 9.75, 0.14501
3.4047, 59.7, 9.75, 0.14325
3.4048, 59.65, 9.75, 0.1422
3.4052, 59.6, 9.75, 0.14005
3.4053, 59.55, 9.75, 0.13864
3.4054, 59.45, 9.75, 0.13578
3.4058, 59.4, 9.75, 0.13423
3.4558, 60.55, 9.8, 0.15733
3.468, 59.9, 9.8, 0.15611
3.4686, 59.85, 9.8, 0.15509
3.4693, 59.8, 9.8, 0.15334
3.4705, 59.7, 9.8, 0.15055
3.471, 59.65, 9.8, 0.14914
3.4712, 59.6, 9.8, 0.14813
3.4717, 59.55, 9.8, 0.14672
3.4722, 59.5, 9.8, 0.14494
3.4724, 59.45, 9.8, 0.14353
3.4728, 59.4, 9.8, 0.14174
3.4729, 59.35, 9.8, 0.14068
3.4733, 59.15, 9.8, 0.13573
3.5234, 60.55, 9.85, 0.1623
3.531, 59.95, 9.85, 0.16209
3.5318, 59.9, 9.85, 0.1607
3.5329, 59.85, 9.85, 0.15895
3.5336, 59.8, 9.85, 0.15833
3.5343, 59.75, 9.85, 0.15692
3.535, 59.7, 9.85, 0.15593
3.5356, 59.65, 9.85, 0.15416
3.5366, 59.6, 9.85, 0.15204
3.5372, 59.55, 9.85, 0.15138
3.5374, 59.5, 9.85, 0.15033
3.538, 59.45, 9.85, 0.14893
3.5391, 59.35, 9.85, 0.14536
3.5396, 59.3, 9.85, 0.14396
3.5397, 59.25, 9.85, 0.14291
3.5402, 59.2, 9.85, 0.1411
3.5403, 59.15, 9.85, 0.14042
3.5407, 59.05, 9.85, 0.13642
3.5411, 58.95, 9.85, 0.13317
3.5911, 60.55, 9.9, 0.16865
3.5938, 59.95, 9.9, 0.16809
3.5946, 59.9, 9.9, 0.1671
3.5958, 59.85, 9.9, 0.16535
3.597, 59.8, 9.9, 0.16473
3.5978, 59.75, 9.9, 0.16298
3.5989, 59.7, 9.9, 0.16197
3.5996, 59.65, 9.9, 0.1606
3.6003, 59.6, 9.9, 0.15883
3.6014, 59.55, 9.9, 0.15782
3.6021, 59.5, 9.9, 0.15644
3.6027, 59.45, 9.9, 0.1554
3.6034, 59.4, 9.9, 0.154
3.604, 59.35, 9.9, 0.15261
3.6046, 59.3, 9.9, 0.15119
3.6051, 59.25, 9.9, 0.15015
3.6057, 59.2, 9.9, 0.14836
3.6062, 59.15, 9.9, 0.14732
3.6067, 59.1, 9.9, 0.14554
3.6068, 59.05, 9.9, 0.14411
3.6073, 59, 9.9, 0.14267
3.6074, 58.95, 9.9, 0.14086
3.6078, 58.85, 9.9, 0.13798
3.6081, 58.65, 9.9, 0.13728
3.6082, 58.7, 9.9, 0.13473
3.6582, 59.85, 9.95, 0.16983
3.6594, 59.8, 9.95, 0.16844
3.6603, 59.75, 9.95, 0.16785
3.6615, 59.7, 9.95, 0.16645
3.6627, 59.65, 9.95, 0.1651
3.6635, 59.6, 9.95, 0.16333
3.6646, 59.55, 9.95, 0.16194
3.6654, 59.5, 9.95, 0.16092
3.6665, 59.45, 9.95, 0.15917
3.6672, 59.4, 9.95, 0.15817
3.6679, 59.35, 9.95, 0.15749
3.6689, 59.3, 9.95, 0.15536
3.6696, 59.25, 9.95, 0.15469
3.6702, 59.2, 9.95, 0.15292
3.6708, 59.15, 9.95, 0.15112
3.6714, 59.1, 9.95, 0.15044
3.672, 59.05, 9.95, 0.14903
3.6726, 59, 9.95, 0.14721
3.6731, 58.95, 9.95, 0.14581
3.6736, 58.9, 9.95, 0.14399
3.6737, 58.85, 9.95, 0.14294
3.6742, 58.8, 9.95, 0.1415
3.6746, 58.75, 9.95, 0.14005
3.6747, 58.7, 9.95, 0.13897
3.675, 58.5, 9.95, 0.13276
3.725, 58.55, 9.95, 0.13421
3.7251, 58.45, 9.95, 0.13435
3.7254, 59.65, 10, 0.16932
3.7257, 59.6, 10, 0.16869
3.7269, 59.55, 10, 0.16733
3.7281, 59.5, 10, 0.16594
3.7289, 59.45, 10, 0.1653
3.7301, 59.4, 10, 0.16355
3.7312, 59.35, 10, 0.16179
3.732, 59.3, 10, 0.16076
3.7331, 59.25, 10, 0.15934
3.7338, 59.2, 10, 0.15795
3.7345, 59.15, 10, 0.15692
3.7356, 59.1, 10, 0.15477
3.7362, 59.05, 10, 0.15409
3.7368, 59, 10, 0.1527
3.7375, 58.95, 10, 0.15089
3.7386, 58.85, 10, 0.14878
3.7392, 58.8, 10, 0.14698
3.7397, 58.75, 10, 0.14554
3.7402, 58.7, 10, 0.14372
3.7403, 58.65, 10, 0.14263
3.7408, 58.6, 10, 0.14159
3.7412, 58.55, 10, 0.13975
3.7413, 58.5, 10, 0.13867
3.7417, 58.4, 10, 0.13535
3.7419, 58.25, 10, 0.13318
3.742, 58.3, 10, 0.1328
3.792, 59.45, 10.05, 0.17049
3.7924, 59.4, 10.05, 0.16908
3.7932, 59.35, 10.05, 0.16772
3.7944, 59.3, 10.05, 0.16633
3.7956, 59.25, 10.05, 0.16493
3.7964, 59.2, 10.05, 0.16392
3.7976, 59.15, 10.05, 0.1629
3.7983, 59.1, 10.05, 0.16111
3.7994, 59.05, 10.05, 0.16008
3.8001, 59, 10.05, 0.15869
3.8008, 58.95, 10.05, 0.15726
3.8019, 58.9, 10.05, 0.15622
3.8025, 58.85, 10.05, 0.15478
3.8032, 58.8, 10.05, 0.15338
3.8038, 58.75, 10.05, 0.15196
3.8044, 58.7, 10.05, 0.15052
3.8049, 58.65, 10.05, 0.14945
3.8055, 58.6, 10.05, 0.14803
3.806, 58.55, 10.05, 0.14658
3.8065, 58.5, 10.05, 0.14514
3.807, 58.45, 10.05, 0.14369
3.8071, 58.4, 10.05, 0.14222
3.8075, 58.35, 10.05, 0.14076
3.8079, 58.25, 10.05, 0.13785
3.8082, 58.1, 10.05, 0.13338
3.8582, 58.05, 10.05, 0.13381
3.8586, 59.2, 10.1, 0.16824
3.8597, 59.15, 10.1, 0.16685
3.8609, 59.1, 10.1, 0.16546
3.8617, 59.05, 10.1, 0.16406
3.8628, 59, 10.1, 0.16227
3.8636, 58.95, 10.1, 0.16199
3.8647, 58.9, 10.1, 0.16021
3.8655, 58.85, 10.1, 0.15918
3.8665, 58.8, 10.1, 0.15776
3.8672, 58.75, 10.1, 0.15594
3.8679, 58.7, 10.1, 0.1553
3.8689, 58.65, 10.1, 0.15309
3.8696, 58.6, 10.1, 0.15239
3.8702, 58.55, 10.1, 0.15098
3.8707, 58.5, 10.1, 0.14915
3.8713, 58.45, 10.1, 0.14847
3.8718, 58.4, 10.1, 0.14664
3.8724, 58.35, 10.1, 0.14519
3.8729, 58.3, 10.1, 0.14372
3.873, 58.25, 10.1, 0.14302
3.8734, 58.2, 10.1, 0.1412
3.8739, 58.1, 10.1, 0.13865
3.8743, 58, 10.1, 0.13529
3.8746, 57.9, 10.1, 0.13191
3.8749, 57.85, 10.1, 0.13126
3.9249, 59, 10.15, 0.16779
3.9258, 58.95, 10.15, 0.16714
3.927, 58.9, 10.15, 0.16535
3.9278, 58.85, 10.15, 0.1647
3.9289, 58.8, 10.15, 0.16329
3.9308, 58.7, 10.15, 0.16045
3.9316, 58.65, 10.15, 0.15941
3.9326, 58.6, 10.15, 0.1576
3.9333, 58.55, 10.15, 0.15655
3.934, 58.5, 10.15, 0.15511
3.935, 58.45, 10.15, 0.15405
3.9356, 58.4, 10.15, 0.15224
3.9362, 58.35, 10.15, 0.15079
3.9368, 58.3, 10.15, 0.14972
3.9374, 58.25, 10.15, 0.14865
3.9379, 58.2, 10.15, 0.1472
3.9384, 58.15, 10.15, 0.14535
3.9389, 58.1, 10.15, 0.14427
3.939, 58.05, 10.15, 0.14279
3.9395, 58, 10.15, 0.14171
3.9399, 57.9, 10.15, 0.13836
3.9403, 57.85, 10.15, 0.13728
3.9406, 57.7, 10.15, 0.13279
3.9409, 57.65, 10.15, 0.13195
3.9909, 58.8, 10.2, 0.16716
3.9916, 58.75, 10.2, 0.16575
3.9928, 58.7, 10.2, 0.16434
3.9939, 58.65, 10.2, 0.16288
3.9947, 58.6, 10.2, 0.16223
3.9959, 58.55, 10.2, 0.16081
3.9966, 58.5, 10.2, 0.15938
3.9977, 58.45, 10.2, 0.15794
3.9984, 58.4, 10.2, 0.1565
3.9991, 58.35, 10.2, 0.15585
4.0001, 58.3, 10.2, 0.15363
4.0008, 58.25, 10.2, 0.15294
4.0014, 58.2, 10.2, 0.15149
4.002, 58.15, 10.2, 0.15003
4.0025, 58.1, 10.2, 0.14935
4.0031, 58.05, 10.2, 0.1475
4.0036, 58, 10.2, 0.14604
4.0041, 57.95, 10.2, 0.14456
4.0051, 57.85, 10.2, 0.14122
4.0055, 57.8, 10.2, 0.13935
4.0056, 57.75, 10.2, 0.13904
4.006, 57.65, 10.2, 0.13605
4.0063, 57.55, 10.2, 0.13305
4.0065, 57.45, 10.2, 0.13099
4.0565, 57.5, 10.2, 0.13155
4.0566, 58.6, 10.25, 0.16593
4.0578, 58.55, 10.25, 0.1645
4.0586, 58.5, 10.25, 0.16425
4.0598, 58.45, 10.25, 0.16243
4.0605, 58.4, 10.25, 0.16212
4.0617, 58.35, 10.25, 0.15956
4.0624, 58.3, 10.25, 0.15927
4.0635, 58.25, 10.25, 0.15667
4.0642, 58.2, 10.25, 0.15599
4.0649, 58.15, 10.25, 0.15532
4.0659, 58.1, 10.25, 0.15348
4.0665, 58.05, 10.25, 0.152
4.0671, 58, 10.25, 0.15096
4.0677, 57.95, 10.25, 0.1495
4.0683, 57.9, 10.25, 0.14761
4.0688, 57.85, 10.25, 0.14615
4.0694, 57.8, 10.25, 0.14547
4.0703, 57.7, 10.25, 0.14248
4.0708, 57.6, 10.25, 0.13991
4.0713, 57.55, 10.25, 0.13763
4.0716, 57.45, 10.25, 0.135
4.0719, 57.35, 10.25, 0.13199
4.0721, 57.25, 10.25, 0.13147
4.0722, 57.3, 10.25, 0.13047
4.1223, 58.45, 10.3, 0.16749
4.1224, 58.4, 10.3, 0.16645
4.1233, 58.35, 10.3, 0.165
4.1244, 58.3, 10.3, 0.16358
4.1252, 58.25, 10.3, 0.16253
4.1264, 58.2, 10.3, 0.16109
4.1282, 58.1, 10.3, 0.15858
4.1289, 58.05, 10.3, 0.15713
4.13, 58, 10.3, 0.15565
4.1307, 57.95, 10.3, 0.15499
4.1313, 57.9, 10.3, 0.15352
4.1319, 57.85, 10.3, 0.15206
4.1329, 57.8, 10.3, 0.15098
4.1335, 57.75, 10.3, 0.14912
4.1341, 57.7, 10.3, 0.14764
4.1346, 57.65, 10.3, 0.14655
4.1351, 57.6, 10.3, 0.14545
4.1352, 57.55, 10.3, 0.14397
4.1357, 57.5, 10.3, 0.14248
4.1361, 57.45, 10.3, 0.14098
4.1366, 57.35, 10.3, 0.13797
4.137, 57.3, 10.3, 0.13648
4.1373, 57.2, 10.3, 0.13385
4.1374, 57.05, 10.3, 0.13186
4.1375, 57.1, 10.3, 0.13039
4.1875, 57.15, 10.3, 0.13192
4.1876, 58.25, 10.35, 0.16693
4.1879, 58.2, 10.35, 0.16551
4.1891, 58.15, 10.35, 0.16405
4.1899, 58.1, 10.35, 0.163
4.1911, 58.05, 10.35, 0.16154
4.1919, 58, 10.35, 0.16047
4.193, 57.95, 10.35, 0.15902
4.1937, 57.9, 10.35, 0.15795
4.1944, 57.85, 10.35, 0.15688
4.1955, 57.8, 10.35, 0.15464
4.1961, 57.75, 10.35, 0.15355
4.1968, 57.7, 10.35, 0.15248
4.1974, 57.65, 10.35, 0.15101
4.1983, 57.6, 10.35, 0.14992
4.1989, 57.55, 10.35, 0.14883
4.1995, 57.5, 10.35, 0.14734
4.2, 57.45, 10.35, 0.14544
4.2005, 57.4, 10.35, 0.14395
4.2006, 57.35, 10.35, 0.14287
4.201, 57.3, 10.35, 0.14135
4.2015, 57.25, 10.35, 0.13985
4.2019, 57.15, 10.35, 0.13683
4.2022, 57.05, 10.35, 0.13419
4.2025, 56.95, 10.35, 0.13113
4.2028, 56.9, 10.35, 0.13015
4.2528, 58.05, 10.4, 0.16553
4.2534, 58, 10.4, 0.16485
4.2546, 57.95, 10.4, 0.16341
4.2554, 57.9, 10.4, 0.16194
4.2566, 57.85, 10.4, 0.16088
4.2573, 57.8, 10.4, 0.15942
4.2585, 57.75, 10.4, 0.15834
4.2592, 57.7, 10.4, 0.15688
4.2599, 57.65, 10.4, 0.15541
4.2609, 57.6, 10.4, 0.15434
4.2616, 57.55, 10.4, 0.15285
4.2622, 57.5, 10.4, 0.15136
4.2628, 57.45, 10.4, 0.15027
4.2634, 57.4, 10.4, 0.14878
4.2639, 57.35, 10.4, 0.14768
4.2645, 57.3, 10.4, 0.1462
4.265, 57.25, 10.4, 0.1447
4.2655, 57.2, 10.4, 0.14318
4.2659, 57.15, 10.4, 0.14207
4.2664, 57.05, 10.4, 0.13904
4.2672, 56.9, 10.4, 0.13489
4.2675, 56.8, 10.4, 0.13181
4.2676, 56.7, 10.4, 0.13072
4.2678, 56.75, 10.4, 0.13027
4.3178, 57.95, 10.45, 0.16669
4.319, 57.8, 10.45, 0.16231
4.3197, 57.75, 10.45, 0.16205
4.3217, 57.65, 10.45, 0.15909
4.3228, 57.6, 10.45, 0.15762
4.3235, 57.55, 10.45, 0.15696
4.3242, 57.5, 10.45, 0.15546
4.3253, 57.45, 10.45, 0.15397
4.3266, 57.35, 10.45, 0.1514
4.3272, 57.3, 10.45, 0.1507
4.3278, 57.25, 10.45, 0.1492
4.3288, 57.2, 10.45, 0.14689
4.3293, 57.15, 10.45, 0.14541
4.3298, 57.1, 10.45, 0.14389
4.3304, 57, 10.45, 0.14208
4.3309, 56.95, 10.45, 0.14055
4.3313, 56.9, 10.45, 0.13821
4.3317, 56.8, 10.45, 0.13598
4.3321, 56.7, 10.45, 0.13332
4.3324, 56.65, 10.45, 0.13136
4.3325, 56.5, 10.45, 0.13062
4.3326, 56.55, 10.45, 0.12877
4.3826, 57.7, 10.5, 0.16517
4.3828, 57.65, 10.5, 0.16369
4.384, 57.6, 10.5, 0.16262
4.3852, 57.55, 10.5, 0.16117
4.386, 57.5, 10.5, 0.16007
4.3871, 57.45, 10.5, 0.159
4.3879, 57.4, 10.5, 0.15751
4.3886, 57.35, 10.5, 0.15603
4.3897, 57.3, 10.5, 0.15493
4.3903, 57.25, 10.5, 0.15384
4.391, 57.2, 10.5, 0.15194
4.3916, 57.15, 10.5, 0.15044
4.3922, 57.1, 10.5, 0.14933
4.3928, 57.05, 10.5, 0.14823
4.3937, 57, 10.5, 0.14672
4.3942, 56.95, 10.5, 0.14521
4.3944, 56.9, 10.5, 0.14369
4.3949, 56.85, 10.5, 0.14218
4.3953, 56.8, 10.5, 0.14145
4.3958, 56.75, 10.5, 0.13951
4.3962, 56.65, 10.5, 0.13685
4.3966, 56.6, 10.5, 0.13573
4.3969, 56.5, 10.5, 0.13264
4.397, 56.35, 10.5, 0.13009
4.3971, 56.4, 10.5, 0.12911
4.4471, 56.45, 10.5, 0.13109
4.4472, 57.5, 10.55, 0.16398
4.4483, 57.45, 10.55, 0.1625
4.4491, 57.4, 10.55, 0.16141
4.4503, 57.35, 10.55, 0.16034
4.451, 57.3, 10.55, 0.15844
4.4522, 57.25, 10.55, 0.15775
4.4529, 57.2, 10.55, 0.15626
4.4536, 57.15, 10.55, 0.15517
4.4546, 57.1, 10.55, 0.15367
4.4553, 57.05, 10.55, 0.15216
4.4559, 57, 10.55, 0.15065
4.4565, 56.95, 10.55, 0.14913
4.4571, 56.9, 10.55, 0.14803
4.4577, 56.85, 10.55, 0.14651
4.4582, 56.8, 10.55, 0.1454
4.4587, 56.75, 10.55, 0.14427
4.4592, 56.7, 10.55, 0.14275
4.4597, 56.65, 10.55, 0.14164
4.4602, 56.55, 10.55, 0.13855
4.4606, 56.5, 10.55, 0.13701
4.461, 56.4, 10.55, 0.13432
4.4613, 56.3, 10.55, 0.1308
4.4614, 56.2, 10.55, 0.12927
4.5115, 56.25, 10.55, 0.12967
4.5116, 56.15, 10.55, 0.13113
4.5117, 57.35, 10.6, 0.16421
4.5121, 57.3, 10.6, 0.16273
4.5133, 57.25, 10.6, 0.16124
4.5153, 57.15, 10.6, 0.15904
4.516, 57.1, 10.6, 0.15715
4.5167, 57.05, 10.6, 0.15605
4.5179, 57, 10.6, 0.15495
4.5185, 56.95, 10.6, 0.15385
4.5192, 56.9, 10.6, 0.15274
4.5198, 56.85, 10.6, 0.15122
4.5208, 56.8, 10.6, 0.1497
4.5214, 56.75, 10.6, 0.14859
4.522, 56.7, 10.6, 0.14707
4.5226, 56.65, 10.6, 0.14554
4.5231, 56.6, 10.6, 0.14401
4.5236, 56.55, 10.6, 0.14289
4.5237, 56.5, 10.6, 0.14136
4.5241, 56.45, 10.6, 0.13979
4.5246, 56.4, 10.6, 0.13867
4.525, 56.3, 10.6, 0.13597
4.5254, 56.25, 10.6, 0.13402
4.5257, 56, 10.6, 0.13034
4.5259, 56.05, 10.6, 0.12857
4.5759, 55.95, 10.6, 0.13262
4.576, 57.15, 10.65, 0.1629
4.5771, 57.1, 10.65, 0.16139
4.5779, 57.05, 10.65, 0.16032
4.5791, 57, 10.65, 0.15879
4.5798, 56.95, 10.65, 0.1577
4.581, 56.9, 10.65, 0.1566
4.5817, 56.85, 10.65, 0.15509
4.5824, 56.8, 10.65, 0.15317
4.5834, 56.75, 10.65, 0.15206
4.5841, 56.7, 10.65, 0.15053
4.5847, 56.65, 10.65, 0.14942
4.5853, 56.6, 10.65, 0.1483
4.5859, 56.55, 10.65, 0.14678
4.5864, 56.5, 10.65, 0.14605
4.587, 56.45, 10.65, 0.14451
4.5875, 56.4, 10.65, 0.14255
4.588, 56.35, 10.65, 0.14101
4.5884, 56.3, 10.65, 0.13987
4.5885, 56.25, 10.65, 0.13873
4.5889, 56.2, 10.65, 0.13676
4.5893, 56.1, 10.65, 0.13447
4.5896, 56, 10.65, 0.13133
4.5898, 55.9, 10.65, 0.12818
4.6398, 55.85, 10.65, 0.12957
4.6401, 57, 10.7, 0.16194
4.6408, 56.95, 10.7, 0.16122
4.642, 56.9, 10.7, 0.15932
4.6428, 56.85, 10.7, 0.15902
4.6436, 56.8, 10.7, 0.15713
4.6447, 56.75, 10.7, 0.1556
4.6454, 56.7, 10.7, 0.15448
4.6461, 56.65, 10.7, 0.15378
4.6472, 56.6, 10.7, 0.15143
4.6479, 56.55, 10.7, 0.1503
4.6485, 56.5, 10.7, 0.14879
4.6491, 56.45, 10.7, 0.14807
4.6497, 56.4, 10.7, 0.14653
4.6502, 56.35, 10.7, 0.14498
4.6508, 56.3, 10.7, 0.14343
4.6513, 56.25, 10.7, 0.14229
4.6518, 56.2, 10.7, 0.14074
4.6523, 56.1, 10.7, 0.13846
4.6527, 56.05, 10.7, 0.1369
4.6531, 55.95, 10.7, 0.13376
4.6535, 55.9, 10.7, 0.13177
4.6538, 55.8, 10.7, 0.12901
4.6539, 55.7, 10.7, 0.12808
4.7039, 56.85, 10.75, 0.16272
4.7045, 56.8, 10.75, 0.16161
4.7057, 56.75, 10.75, 0.15971
4.7065, 56.7, 10.75, 0.159
4.7077, 56.65, 10.75, 0.15746
4.7084, 56.6, 10.75, 0.15594
4.7091, 56.55, 10.75, 0.15483
4.7098, 56.5, 10.75, 0.15371
4.7109, 56.45, 10.75, 0.15217
4.7116, 56.4, 10.75, 0.15106
4.7122, 56.35, 10.75, 0.14951
4.7128, 56.3, 10.75, 0.14839
4.7134, 56.25, 10.75, 0.14683
4.714, 56.2, 10.75, 0.14529
4.7145, 56.15, 10.75, 0.14374
4.715, 56.1, 10.75, 0.1426
4.7155, 56.05, 10.75, 0.14145
4.716, 56, 10.75, 0.1399
4.7161, 55.95, 10.75, 0.13833
4.7165, 55.9, 10.75, 0.13716
4.7169, 55.8, 10.75, 0.13401
4.7173, 55.75, 10.75, 0.13286
4.7174, 55.6, 10.75, 0.12851
4.7177, 55.55, 10.75, 0.12764
4.7677, 56.7, 10.8, 0.16276
4.7681, 56.65, 10.8, 0.16084
4.7701, 56.55, 10.8, 0.15861
4.7713, 56.5, 10.8, 0.15749
4.772, 56.45, 10.8, 0.15595
4.7727, 56.4, 10.8, 0.15444
4.7734, 56.35, 10.8, 0.15289
4.7745, 56.3, 10.8, 0.15177
4.7752, 56.25, 10.8, 0.15022
4.7758, 56.2, 10.8, 0.14909
4.7764, 56.15, 10.8, 0.14795
4.777, 56.1, 10.8, 0.14681
4.7776, 56.05, 10.8, 0.14526
4.7782, 56, 10.8, 0.1437
4.7787, 55.95, 10.8, 0.14255
4.7792, 55.9, 10.8, 0.14139
4.7797, 55.8, 10.8, 0.13825
4.7802, 55.75, 10.8, 0.13666
4.7806, 55.65, 10.8, 0.13393
4.7809, 55.55, 10.8, 0.13074
4.7811, 55.45, 10.8, 0.1284
4.7814, 55.4, 10.8, 0.12735
4.8314, 56.55, 10.85, 0.16194
4.8316, 56.5, 10.85, 0.16084
4.8328, 56.45, 10.85, 0.15971
4.8336, 56.4, 10.85, 0.15819
4.8344, 56.35, 10.85, 0.15707
4.8355, 56.3, 10.85, 0.15552
4.8362, 56.25, 10.85, 0.15398
4.8369, 56.2, 10.85, 0.15286
4.8387, 56.1, 10.85, 0.15016
4.8394, 56.05, 10.85, 0.14861
4.84, 56, 10.85, 0.14704
4.8406, 55.95, 10.85, 0.14632
4.8411, 55.9, 10.85, 0.14518
4.8417, 55.85, 10.85, 0.14403
4.8422, 55.8, 10.85, 0.14203
4.8423, 55.75, 10.85, 0.14088
4.8428, 55.7, 10.85, 0.13931
4.8433, 55.65, 10.85, 0.13772
4.8437, 55.55, 10.85, 0.13497
4.8444, 55.1, 10.85, 0.13315
4.8445, 55.4, 10.85, 0.13061
4.8446, 55.25, 10.85, 0.12749
4.8946, 55.3, 10.85, 0.12782
4.8947, 55.2, 10.85, 0.12895
4.8948, 56.4, 10.9, 0.16191
4.895, 56.35, 10.9, 0.1608
4.8962, 56.3, 10.9, 0.15884
4.897, 56.25, 10.9, 0.15813
4.8978, 56.2, 10.9, 0.15659
4.8989, 56.15, 10.9, 0.15587
4.8997, 56.1, 10.9, 0.1539
4.9004, 56.05, 10.9, 0.15234
4.9011, 56, 10.9, 0.15163
4.9017, 55.95, 10.9, 0.15007
4.9028, 55.9, 10.9, 0.1485
4.9034, 55.85, 10.9, 0.14694
4.904, 55.8, 10.9, 0.14537
4.9046, 55.75, 10.9, 0.14463
4.9052, 55.7, 10.9, 0.14305
4.9053, 55.65, 10.9, 0.14148
4.9058, 55.6, 10.9, 0.1399
4.9063, 55.55, 10.9, 0.13916
4.9067, 55.5, 10.9, 0.13757
4.9068, 55.45, 10.9, 0.13597
4.9072, 55.4, 10.9, 0.13481
4.9076, 55.3, 10.9, 0.1316
4.9078, 55.2, 10.9, 0.1288
4.908, 55.1, 10.9, 0.12679
4.958, 55.15, 10.9, 0.12719
4.9582, 56.25, 10.95, 0.16071
4.9583, 56.2, 10.95, 0.15998
4.9595, 56.15, 10.95, 0.15801
4.9603, 56.1, 10.95, 0.15729
4.9611, 56.05, 10.95, 0.15615
4.9623, 56, 10.95, 0.15419
4.963, 55.95, 10.95, 0.15306
4.9637, 55.9, 10.95, 0.15148
4.9644, 55.85, 10.95, 0.15116
4.9651, 55.8, 10.95, 0.14958
4.9657, 55.75, 10.95, 0.14847
4.9663, 55.7, 10.95, 0.14689
4.9669, 55.65, 10.95, 0.14532
4.9675, 55.6, 10.95, 0.14373
4.9681, 55.55, 10.95, 0.14256
4.9686, 55.5, 10.95, 0.14097
4.9691, 55.45, 10.95, 0.13898
4.9696, 55.4, 10.95, 0.13779
4.9697, 55.35, 10.95, 0.13705
4.9701, 55.3, 10.95, 0.13587
4.9705, 55.2, 10.95, 0.13265
4.9708, 55.1, 10.95, 0.12942
4.9711, 55, 10.95, 0.1262
5.0211, 54.95, 10.95, 0.1262
5.0214, 56.1, 11, 0.16089
5.0215, 56.05, 11, 0.15975
5.0227, 56, 11, 0.1582
5.0235, 55.95, 11, 0.15706
5.0243, 55.9, 11, 0.15549
5.0255, 55.85, 11, 0.15478
5.0262, 55.8, 11, 0.15321
5.0269, 55.75, 11, 0.15163
5.0276, 55.7, 11, 0.15049
5.0283, 55.65, 11, 0.14934
5.0289, 55.6, 11, 0.14776
5.0295, 55.55, 11, 0.14659
5.0301, 55.5, 11, 0.145
5.0307, 55.45, 11, 0.14343
5.0313, 55.4, 11, 0.14183
5.0318, 55.35, 11, 0.14107
5.0323, 55.3, 11, 0.13949
5.0324, 55.25, 11, 0.1383
5.0329, 55.2, 11, 0.1367
5.0333, 55.1, 11, 0.13391
5.0337, 55, 11, 0.13068
5.034, 54.9, 11, 0.1283
5.0342, 54.8, 11, 0.12716
5.0343, 54.85, 11, 0.12624
5.0843, 55.95, 11.05, 0.16072
5.0845, 55.9, 11.05, 0.15959
5.0858, 55.85, 11.05, 0.15802
5.0866, 55.8, 11.05, 0.15647
5.0874, 55.75, 11.05, 0.15489
5.0881, 55.7, 11.05, 0.15374
5.0893, 55.65, 11.05, 0.15259
5.09, 55.6, 11.05, 0.15144
5.0907, 55.55, 11.05, 0.15027
5.0913, 55.5, 11.05, 0.14869
5.092, 55.45, 11.05, 0.1471
5.0926, 55.4, 11.05, 0.14595
5.0932, 55.35, 11.05, 0.14477
5.0938, 55.3, 11.05, 0.14317
5.0944, 55.25, 11.05, 0.14201
5.0949, 55.2, 11.05, 0.14038
5.095, 55.15, 11.05, 0.13879
5.0955, 55.1, 11.05, 0.13762
5.096, 55, 11.05, 0.13481
5.0964, 54.95, 11.05, 0.13319
5.0967, 54.5, 11.05, 0.13268
5.0968, 54.85, 11.05, 0.12994
5.097, 54.7, 11.05, 0.12633
5.147, 54.65, 11.05, 0.12695
5.1473, 55.8, 11.1, 0.1601
5.1475, 55.75, 11.1, 0.15896
5.1487, 55.7, 11.1, 0.15781
5.1495, 55.65, 11.1, 0.1558
5.1503, 55.6, 11.1, 0.15465
5.1515, 55.55, 11.1, 0.1535
5.1522, 55.5, 11.1, 0.15192
5.1529, 55.45, 11.1, 0.15033
5.1536, 55.4, 11.1, 0.1496
5.1543, 55.35, 11.1, 0.14802
5.155, 55.3, 11.1, 0.14682
5.1556, 55.25, 11.1, 0.14523
5.1562, 55.2, 11.1, 0.14364
5.1568, 55.15, 11.1, 0.14246
5.1573, 55.1, 11.1, 0.14128
5.1574, 55.05, 11.1, 0.13967
5.158, 55, 11.1, 0.13892
5.1585, 54.9, 11.1, 0.13524
5.1589, 54.85, 11.1, 0.13406
5.1594, 54.75, 11.1, 0.13123
5.1596, 54.6, 11.1, 0.12718
5.1599, 54.55, 11.1, 0.12529
5.2099, 55.65, 11.15, 0.15943
5.2107, 55.6, 11.15, 0.15828
5.2115, 55.55, 11.15, 0.15628
5.2123, 55.5, 11.15, 0.15555
5.2131, 55.45, 11.15, 0.15395
5.2143, 55.4, 11.15, 0.15236
5.215, 55.35, 11.15, 0.15121
5.2158, 55.3, 11.15, 0.15005
5.2164, 55.25, 11.15, 0.14846
5.2171, 55.2, 11.15, 0.14727
5.2178, 55.15, 11.15, 0.14567
5.2184, 55.1, 11.15, 0.14405
5.219, 55.05, 11.15, 0.14329
5.2196, 55, 11.15, 0.1417
5.2197, 54.95, 11.15, 0.14009
5.2203, 54.9, 11.15, 0.13933
5.2208, 54.85, 11.15, 0.13771
5.2213, 54.75, 11.15, 0.13489
5.222, 54.2, 11.15, 0.13321
5.2221, 54.55, 11.15, 0.12921
5.2222, 54.4, 11.15, 0.12553
5.2723, 54.45, 11.15, 0.12678
5.2724, 54.35, 11.15, 0.12745
5.2726, 55.5, 11.2, 0.15796
5.2734, 55.45, 11.2, 0.15767
5.2742, 55.4, 11.2, 0.15608
5.275, 55.35, 11.2, 0.15447
5.2762, 55.3, 11.2, 0.15247
5.277, 55.25, 11.2, 0.15171
5.2777, 55.2, 11.2, 0.15011
5.2784, 55.15, 11.2, 0.14896
5.2791, 55.1, 11.2, 0.14777
5.2798, 55.05, 11.2, 0.14617
5.2804, 55, 11.2, 0.14456
5.2811, 54.95, 11.2, 0.14335
5.2817, 54.9, 11.2, 0.14173
5.2822, 54.85, 11.2, 0.14013
5.2824, 54.8, 11.2, 0.13978
5.2829, 54.75, 11.2, 0.1382
5.2834, 54.7, 11.2, 0.13654
5.2835, 54.65, 11.2, 0.1349
5.284, 54.6, 11.2, 0.1337
5.2844, 54.5, 11.2, 0.13042
5.2847, 54.35, 11.2, 0.12722
5.2849, 54.25, 11.2, 0.12591
5.3349, 54.15, 11.2, 0.12843
5.335, 55.4, 11.25, 0.15957
5.3351, 55.35, 11.25, 0.15841
5.3359, 55.3, 11.25, 0.15639
5.3372, 55.25, 11.25, 0.15565
5.338, 55.2, 11.25, 0.15405
5.3387, 55.15, 11.25, 0.15245
5.3395, 55.1, 11.25, 0.15129
5.3402, 55.05, 11.25, 0.14968
5.3409, 55, 11.25, 0.14849
5.3416, 54.95, 11.25, 0.14729
5.3423, 54.9, 11.25, 0.14569
5.3429, 54.85, 11.25, 0.14452
5.3436, 54.8, 11.25, 0.14374
5.3442, 54.75, 11.25, 0.14125
5.3448, 54.7, 11.25, 0.14005
5.3449, 54.65, 11.25, 0.13886
5.3459, 54.55, 11.25, 0.13603
5.346, 54.5, 11.25, 0.13482
5.3464, 54.45, 11.25, 0.13273
5.3465, 54.4, 11.25, 0.13196
5.3468, 54.3, 11.25, 0.12908
5.347, 54.15, 11.25, 0.12418
5.397, 54.1, 11.25, 0.12609
5.3974, 55.25, 11.3, 0.15794
5.3979, 55.2, 11.3, 0.1572
5.3987, 55.15, 11.3, 0.15559
5.3995, 55.1, 11.3, 0.15444
5.4003, 55.05, 11.3, 0.15367
5.4011, 55, 11.3, 0.15205
5.4023, 54.95, 11.3, 0.15089
5.403, 54.9, 11.3, 0.14927
5.4037, 54.85, 11.3, 0.14766
5.4044, 54.8, 11.3, 0.14646
5.4046, 54.75, 11.3, 0.14483
5.4053, 54.7, 11.3, 0.14321
5.4059, 54.65, 11.3, 0.14243
5.4065, 54.6, 11.3, 0.14082
5.4071, 54.55, 11.3, 0.13961
5.4072, 54.5, 11.3, 0.13841
5.4082, 54.4, 11.3, 0.13512
5.4083, 54.35, 11.3, 0.13391
5.4088, 54.25, 11.3, 0.13059
5.4091, 54.15, 11.3, 0.12814
5.4093, 54, 11.3, 0.12448
5.4593, 54.05, 11.3, 0.12525
5.4594, 54.1, 11.3, 0.12649
5.4595, 53.95, 11.3, 0.12728
5.4596, 55.1, 11.35, 0.15796
5.4605, 55.05, 11.35, 0.15679
5.4622, 54.95, 11.35, 0.15358
5.463, 54.9, 11.35, 0.15239
5.4637, 54.85, 11.35, 0.15077
5.4652, 54.75, 11.35, 0.14883
5.4659, 54.7, 11.35, 0.14721
5.4666, 54.65, 11.35, 0.14558
5.4673, 54.6, 11.35, 0.14438
5.4679, 54.55, 11.35, 0.14274
5.4685, 54.5, 11.35, 0.14198
5.4687, 54.45, 11.35, 0.1399
5.4693, 54.4, 11.35, 0.1387
5.4698, 54.35, 11.35, 0.13705
5.4699, 54.3, 11.35, 0.13582
5.4704, 54.2, 11.35, 0.13296
5.4709, 54.1, 11.35, 0.13006
5.4713, 54, 11.35, 0.12717
5.4714, 53.85, 11.35, 0.12526
5.4716, 53.9, 11.35, 0.12427
5.5216, 53.95, 11.35, 0.12549
5.5217, 54.95, 11.4, 0.15711
5.523, 54.9, 11.4, 0.1555
5.5238, 54.85, 11.4, 0.15388
5.5246, 54.8, 11.4, 0.15269
5.5254, 54.75, 11.4, 0.15151
5.5262, 54.7, 11.4, 0.1503
5.5269, 54.65, 11.4, 0.14868
5.5277, 54.6, 11.4, 0.14749
5.5284, 54.55, 11.4, 0.14628
5.529, 54.5, 11.4, 0.14466
5.5293, 54.45, 11.4, 0.14346
5.5299, 54.4, 11.4, 0.14224
5.5305, 54.35, 11.4, 0.14016
5.5311, 54.3, 11.4, 0.13939
5.5312, 54.25, 11.4, 0.13772
5.5318, 54.2, 11.4, 0.13651
5.5323, 54.15, 11.4, 0.13484
5.5324, 54.1, 11.4, 0.13364
5.5329, 54, 11.4, 0.13073
5.5332, 53.85, 11.4, 0.12614
5.5335, 53.75, 11.4, 0.1241
5.5835, 53.8, 11.4, 0.12492
5.5836, 54.85, 11.45, 0.15746
5.584, 54.8, 11.45, 0.15586
5.5853, 54.75, 11.45, 0.15422
5.5861, 54.7, 11.45, 0.15303
5.5869, 54.65, 11.45, 0.15142
5.5877, 54.6, 11.45, 0.15019
5.5885, 54.55, 11.45, 0.14857
5.5892, 54.5, 11.45, 0.14738
5.5899, 54.45, 11.45, 0.14617
5.5906, 54.4, 11.45, 0.14452
5.5909, 54.35, 11.45, 0.14378
5.5915, 54.3, 11.45, 0.14253
5.5921, 54.25, 11.45, 0.1409
5.5928, 54.2, 11.45, 0.1388
5.5929, 54.15, 11.45, 0.13803
5.5935, 54.1, 11.45, 0.13635
5.594, 54.05, 11.45, 0.13513
5.5941, 54, 11.45, 0.13348
5.5946, 53.9, 11.45, 0.13055
5.595, 53.75, 11.45, 0.12685
5.5952, 53.6, 11.45, 0.12498
5.5953, 53.65, 11.45, 0.12349
5.6453, 53.7, 11.45, 0.12427
5.6454, 54.75, 11.5, 0.15766
5.6456, 54.7, 11.5, 0.15603
5.6465, 54.65, 11.5, 0.15528
5.6474, 54.6, 11.5, 0.15364
5.6482, 54.55, 11.5, 0.152
5.649, 54.5, 11.5, 0.15036
5.6498, 54.45, 11.5, 0.1496
5.6505, 54.4, 11.5, 0.14796
5.6513, 54.35, 11.5, 0.14676
5.652, 54.3, 11.5, 0.14553
5.6527, 54.25, 11.5, 0.14389
5.6529, 54.2, 11.5, 0.14266
5.6536, 54.15, 11.5, 0.14146
5.6542, 54.1, 11.5, 0.14023
5.6548, 54.05, 11.5, 0.13814
5.6549, 54, 11.5, 0.13735
5.6555, 53.95, 11.5, 0.13567
5.6556, 53.9, 11.5, 0.13444
5.6561, 53.85, 11.5, 0.13278
5.6562, 53.8, 11.5, 0.13152
5.6566, 53.7, 11.5, 0.12817
5.6568, 53.5, 11.5, 0.12378
5.7069, 53.6, 11.5, 0.12567
5.707, 53.45, 11.5, 0.12619
5.7072, 54.6, 11.55, 0.15713
5.7076, 54.55, 11.55, 0.15549
5.7084, 54.5, 11.55, 0.15385
5.7093, 54.45, 11.55, 0.15266
5.7101, 54.4, 11.55, 0.15144
5.7109, 54.35, 11.55, 0.1498
5.7117, 54.3, 11.55, 0.14815
5.7124, 54.25, 11.55, 0.14693
5.7132, 54.2, 11.55, 0.14572
5.7139, 54.15, 11.55, 0.1445
5.7146, 54.1, 11.55, 0.14285
5.7148, 54.05, 11.55, 0.14161
5.7154, 54, 11.55, 0.13995
5.7161, 53.95, 11.55, 0.13873
5.7167, 53.9, 11.55, 0.13751
5.7168, 53.85, 11.55, 0.13627
5.7173, 53.8, 11.55, 0.13457
5.7174, 53.75, 11.55, 0.13291
5.7179, 53.7, 11.55, 0.13168
5.718, 53.65, 11.55, 0.12997
5.7183, 53.25, 11.55, 0.12901
5.7184, 53.5, 11.55, 0.12624
5.7186, 53.35, 11.55, 0.12462
5.7187, 53.4, 11.55, 0.12327
5.7687, 53.45, 11.55, 0.12453
5.7688, 54.45, 11.6, 0.15613
5.7697, 54.4, 11.6, 0.15447
5.7706, 54.35, 11.6, 0.15283
5.7714, 54.3, 11.6, 0.15162
5.7722, 54.25, 11.6, 0.15042
5.773, 54.2, 11.6, 0.14877
5.7738, 54.15, 11.6, 0.14754
5.7746, 54.1, 11.6, 0.14589
5.7753, 54.05, 11.6, 0.14511
5.7756, 54, 11.6, 0.14344
5.7762, 53.95, 11.6, 0.14176
5.7769, 53.9, 11.6, 0.14009
5.7775, 53.85, 11.6, 0.13931
5.7777, 53.8, 11.6, 0.13808
5.7783, 53.75, 11.6, 0.13594
5.7784, 53.7, 11.6, 0.1347
5.779, 53.6, 11.6, 0.13132
5.7795, 53.55, 11.6, 0.13054
5.7796, 53.5, 11.6, 0.12929
5.7799, 53.3, 11.6, 0.12335
5.8108, 53.25, 11.6, 0.12396
5.811, 53.3, 11.6, 0.12335
5.8299, 53.25, 11.6, 0.12396
5.8303, 54.35, 11.65, 0.15583
5.8308, 54.3, 11.65, 0.15464
5.8317, 54.25, 11.65, 0.15298
5.8326, 54.2, 11.65, 0.15133
5.8334, 54.15, 11.65, 0.1501
5.8342, 54.1, 11.65, 0.1489
5.835, 54.05, 11.65, 0.14767
5.8358, 54, 11.65, 0.14644
5.836, 53.95, 11.65, 0.14523
5.8368, 53.9, 11.65, 0.14356
5.8375, 53.85, 11.65, 0.14232
5.8381, 53.8, 11.65, 0.14066
5.8383, 53.75, 11.65, 0.13941
5.839, 53.7, 11.65, 0.13816
5.8396, 53.65, 11.65, 0.13648
5.8397, 53.6, 11.65, 0.13525
5.8403, 53.55, 11.65, 0.13399
5.8404, 53.5, 11.65, 0.13185
5.8409, 53.4, 11.65, 0.1289
5.841, 53.35, 11.65, 0.12809
5.8413, 53.15, 11.65, 0.12289
5.8913, 53.2, 11.65, 0.1234
5.8914, 53.1, 11.65, 0.12484
5.8916, 54.25, 11.7, 0.15603
5.8917, 54.2, 11.7, 0.15483
5.8926, 54.15, 11.7, 0.15361
5.8943, 54.05, 11.7, 0.15028
5.8951, 54, 11.7, 0.14953
5.8959, 53.95, 11.7, 0.14784
5.8967, 53.9, 11.7, 0.1466
5.8975, 53.85, 11.7, 0.14494
5.8978, 53.8, 11.7, 0.14369
5.8985, 53.75, 11.7, 0.14204
5.8992, 53.7, 11.7, 0.1408
5.8998, 53.65, 11.7, 0.13912
5.9, 53.6, 11.7, 0.1374
5.9006, 53.55, 11.7, 0.13618
5.9008, 53.5, 11.7, 0.13583
5.9014, 53.45, 11.7, 0.13324
5.9015, 53.4, 11.7, 0.13241
5.902, 53.35, 11.7, 0.13026
5.9021, 53.25, 11.7, 0.1282
5.9025, 53.05, 11.7, 0.12223
5.9525, 53, 11.7, 0.12383
5.9529, 54.1, 11.75, 0.15488
5.9537, 54.05, 11.75, 0.15365
5.9546, 54, 11.75, 0.15243
5.9554, 53.95, 11.75, 0.15077
5.9563, 53.9, 11.75, 0.14954
5.9571, 53.85, 11.75, 0.14786
5.9574, 53.8, 11.75, 0.14707
5.9582, 53.75, 11.75, 0.14495
5.959, 53.7, 11.75, 0.1437
5.9597, 53.65, 11.75, 0.14203
5.9599, 53.6, 11.75, 0.14123
5.9606, 53.55, 11.75, 0.13954
5.9613, 53.5, 11.75, 0.1383
5.9615, 53.45, 11.75, 0.13659
5.9621, 53.4, 11.75, 0.13533
5.9622, 53.35, 11.75, 0.13407
5.9628, 53.3, 11.75, 0.13238
5.9629, 53.25, 11.75, 0.13113
5.963, 53.2, 11.75, 0.12941
5.9635, 53.05, 11.75, 0.12514
5.9637, 52.85, 11.75, 0.12513
5.9638, 52.9, 11.75, 0.12363
5.9639, 52.95, 11.75, 0.12215
6.0139, 54, 11.8, 0.15495
6.0154, 53.9, 11.8, 0.15205
6.0163, 53.85, 11.8, 0.15038
6.0172, 53.8, 11.8, 0.15004
6.0176, 53.75, 11.8, 0.14835
6.0184, 53.7, 11.8, 0.14713
6.0192, 53.65, 11.8, 0.14543
6.0199, 53.6, 11.8, 0.1442
6.0202, 53.55, 11.8, 0.1425
6.0209, 53.5, 11.8, 0.14125
6.0216, 53.45, 11.8, 0.13955
6.0219, 53.4, 11.8, 0.13785
6.0225, 53.35, 11.8, 0.13705
6.0227, 53.3, 11.8, 0.13535
6.0233, 53.25, 11.8, 0.13407
6.0234, 53.2, 11.8, 0.13282
6.024, 53.15, 11.8, 0.13112
6.0241, 53.05, 11.8, 0.12858
6.0246, 52.85, 11.8, 0.1221
6.0746, 52.8, 11.8, 0.12303
6.075, 53.9, 11.85, 0.15501
6.0752, 53.85, 11.85, 0.15377
6.0761, 53.8, 11.85, 0.15209
6.077, 53.75, 11.85, 0.1513
6.0778, 53.7, 11.85, 0.14916
6.0787, 53.65, 11.85, 0.14839
6.0799, 53.55, 11.85, 0.14591
6.0806, 53.5, 11.85, 0.14422
6.081, 53.45, 11.85, 0.14296
6.0817, 53.4, 11.85, 0.14124
6.0824, 53.35, 11.85, 0.13955
6.0826, 53.3, 11.85, 0.13875
6.0833, 53.25, 11.85, 0.13704
6.0835, 53.2, 11.85, 0.13623
6.0841, 53.15, 11.85, 0.1336
6.0848, 53.05, 11.85, 0.13154
6.0849, 53, 11.85, 0.1298
6.085, 52.95, 11.85, 0.12853
6.0855, 52.7, 11.85, 0.12199
6.1355, 52.65, 11.85, 0.12444
6.1359, 53.8, 11.9, 0.15503
6.136, 53.75, 11.9, 0.15379
6.1365, 53.7, 11.9, 0.15209
6.1374, 53.65, 11.9, 0.15088
6.1383, 53.6, 11.9, 0.14963
6.1391, 53.55, 11.9, 0.14839
6.14, 53.5, 11.9, 0.14669
6.1408, 53.45, 11.9, 0.14589
6.1411, 53.4, 11.9, 0.1442
6.1419, 53.35, 11.9, 0.14249
6.1426, 53.3, 11.9, 0.14168
6.1429, 53.25, 11.9, 0.13996
6.1436, 53.2, 11.9, 0.13825
6.1438, 53.15, 11.9, 0.137
6.1447, 53.05, 11.9, 0.13399
6.1453, 53, 11.9, 0.13273
6.1454, 52.95, 11.9, 0.13148
6.1455, 52.9, 11.9, 0.12928
6.1461, 52.8, 11.9, 0.12672
6.1462, 52.7, 11.9, 0.12462
6.1466, 52.6, 11.9, 0.12143
6.1966, 52.65, 11.9, 0.1224
6.1967, 53.65, 11.95, 0.15385
6.1971, 53.6, 11.95, 0.1526
6.198, 53.55, 11.95, 0.15091
6.1989, 53.5, 11.95, 0.14966
6.1998, 53.45, 11.95, 0.14707
6.2006, 53.4, 11.95, 0.14579
6.201, 53.35, 11.95, 0.14546
6.2018, 53.3, 11.95, 0.14374
6.2026, 53.25, 11.95, 0.14159
6.2029, 53.2, 11.95, 0.14123
6.2036, 53.15, 11.95, 0.13953
6.2039, 53.1, 11.95, 0.13824
6.2046, 53.05, 11.95, 0.13654
6.2048, 53, 11.95, 0.13528
6.2055, 52.95, 11.95, 0.13398
6.2056, 52.9, 11.95, 0.13225
6.2062, 52.85, 11.95, 0.13053
6.2063, 52.8, 11.95, 0.12924
6.2064, 52.75, 11.95, 0.12844
6.2068, 52.35, 11.95, 0.12646
6.2069, 52.4, 11.95, 0.1254
6.207, 52.5, 11.95, 0.12142
6.257, 52.55, 11.95, 0.12282
6.2571, 53.55, 12, 0.1542
6.2579, 53.5, 12, 0.15207
6.2584, 53.45, 12, 0.15081
6.2593, 53.4, 12, 0.1491
6.2602, 53.35, 12, 0.1483
6.261, 53.3, 12, 0.1466
6.2614, 53.25, 12, 0.14535
6.2622, 53.2, 12, 0.14408
6.263, 53.15, 12, 0.14237
6.2634, 53.1, 12, 0.14156
6.2641, 53.05, 12, 0.13984
6.2644, 53, 12, 0.13856
6.2651, 52.95, 12, 0.13683
6.2653, 52.9, 12, 0.13557
6.266, 52.85, 12, 0.13383
6.2661, 52.8, 12, 0.13255
6.2668, 52.75, 12, 0.13128
6.267, 52.65, 12, 0.12824
6.2671, 52.6, 12, 0.12649
6.2675, 52.3, 12, 0.1248
6.2676, 52.4, 12, 0.12131
6.3176, 52.45, 12, 0.1226
6.3177, 53.45, 12.05, 0.15414
6.318, 53.4, 12.05, 0.15244
6.3189, 53.35, 12.05, 0.15073
6.3199, 53.3, 12.05, 0.14903
6.3208, 53.25, 12.05, 0.14822
6.3212, 53.2, 12.05, 0.14652
6.322, 53.15, 12.05, 0.14525
6.3229, 53.1, 12.05, 0.14398
6.3232, 53.05, 12.05, 0.14226
6.324, 53, 12.05, 0.14146
6.3243, 52.95, 12.05, 0.13973
6.3251, 52.9, 12.05, 0.13844
6.3253, 52.85, 12.05, 0.13671
6.326, 52.8, 12.05, 0.13591
6.3262, 52.75, 12.05, 0.1337
6.3269, 52.7, 12.05, 0.13242
6.327, 52.65, 12.05, 0.13114
6.3272, 52.6, 12.05, 0.12937
6.3273, 52.55, 12.05, 0.1281
6.3278, 52.15, 12.05, 0.12629
6.3279, 52.2, 12.05, 0.12429
6.328, 52.3, 12.05, 0.12114
6.378, 53.35, 12.1, 0.15362
6.3783, 53.3, 12.1, 0.15236
6.3802, 53.2, 12.1, 0.14985
6.3811, 53.15, 12.1, 0.14767
6.3815, 53.1, 12.1, 0.1464
6.3824, 53.05, 12.1, 0.1456
6.3832, 53, 12.1, 0.14388
6.3836, 52.95, 12.1, 0.14261
6.3844, 52.9, 12.1, 0.14086
6.3847, 52.85, 12.1, 0.13959
6.3855, 52.8, 12.1, 0.13831
6.3857, 52.75, 12.1, 0.13657
6.3864, 52.7, 12.1, 0.13483
6.3867, 52.65, 12.1, 0.13355
6.3869, 52.6, 12.1, 0.13272
6.3875, 52.55, 12.1, 0.13097
6.3877, 52.5, 12.1, 0.12922
6.3878, 52.45, 12.1, 0.12792
6.3879, 52.4, 12.1, 0.12663
6.3884, 52.35, 12.1, 0.12532
6.3885, 52.2, 12.1, 0.12093
6.4385, 53.25, 12.15, 0.15305
6.4388, 53.2, 12.15, 0.15225
6.4393, 53.15, 12.15, 0.15054
6.4402, 53.1, 12.15, 0.14927
6.4412, 53.05, 12.15, 0.14799
6.4421, 53, 12.15, 0.14627
6.4425, 52.95, 12.15, 0.14546
6.4433, 52.9, 12.15, 0.14372
6.4437, 52.85, 12.15, 0.142
6.4445, 52.8, 12.15, 0.14025
6.4448, 52.75, 12.15, 0.13944
6.4456, 52.7, 12.15, 0.13769
6.4459, 52.65, 12.15, 0.1364
6.4466, 52.6, 12.15, 0.13511
6.4468, 52.55, 12.15, 0.13382
6.447, 52.5, 12.15, 0.13206
6.4477, 52.45, 12.15, 0.13124
6.4479, 52.4, 12.15, 0.12947
6.448, 52.35, 12.15, 0.12772
6.4481, 52.3, 12.15, 0.12594
6.4482, 52.25, 12.15, 0.12512
6.4487, 52.2, 12.15, 0.12334
6.4488, 52.1, 12.15, 0.12024
6.4988, 53.1, 12.2, 0.15171
6.4995, 53.05, 12.2, 0.15044
6.5005, 53, 12.2, 0.14918
6.5014, 52.95, 12.2, 0.14652
6.5019, 52.9, 12.2, 0.14617
6.5028, 52.85, 12.2, 0.14489
6.504, 52.75, 12.2, 0.14188
6.5044, 52.7, 12.2, 0.14013
6.5052, 52.65, 12.2, 0.13883
6.5055, 52.6, 12.2, 0.13755
6.5062, 52.55, 12.2, 0.13627
6.5065, 52.5, 12.2, 0.1345
6.5072, 52.45, 12.2, 0.13319
6.5074, 52.4, 12.2, 0.13145
6.5076, 52.35, 12.2, 0.13016
6.5078, 52.3, 12.2, 0.12932
6.5084, 52.25, 12.2, 0.12706
6.5085, 52.2, 12.2, 0.12529
6.5086, 52.15, 12.2, 0.12398
6.5087, 52.05, 12.2, 0.12183
6.5088, 51.95, 12.2, 0.12175
6.5588, 53.05, 12.25, 0.15323
6.5589, 53, 12.25, 0.15195
6.5595, 52.95, 12.25, 0.15022
6.5604, 52.9, 12.25, 0.14896
6.5614, 52.85, 12.25, 0.14767
6.5619, 52.8, 12.25, 0.1464
6.5628, 52.75, 12.25, 0.14419
6.5632, 52.7, 12.25, 0.14336
6.564, 52.65, 12.25, 0.14162
6.5644, 52.6, 12.25, 0.1408
6.5652, 52.55, 12.25, 0.13859
6.5655, 52.5, 12.25, 0.13728
6.5666, 52.4, 12.25, 0.1347
6.5668, 52.35, 12.25, 0.13294
6.5675, 52.3, 12.25, 0.13163
6.5677, 52.25, 12.25, 0.12985
6.5679, 52.2, 12.25, 0.12901
6.568, 52.15, 12.25, 0.12723
6.5682, 52.1, 12.25, 0.12594
6.5684, 51.75, 12.25, 0.12528
6.5687, 52.05, 12.25, 0.12462
6.5688, 52, 12.25, 0.12282
6.5689, 51.85, 12.25, 0.12171
6.6189, 52.9, 12.3, 0.15132
6.6196, 52.85, 12.3, 0.15003
6.6206, 52.8, 12.3, 0.14876
6.6211, 52.75, 12.3, 0.14702
6.622, 52.7, 12.3, 0.14619
6.6225, 52.65, 12.3, 0.14397
6.6234, 52.6, 12.3, 0.14315
6.6238, 52.55, 12.3, 0.14139
6.6246, 52.5, 12.3, 0.14057
6.625, 52.45, 12.3, 0.13881
6.6258, 52.4, 12.3, 0.13704
6.6261, 52.35, 12.3, 0.13575
6.6263, 52.3, 12.3, 0.13446
6.6271, 52.25, 12.3, 0.13314
6.6275, 52.15, 12.3, 0.13006
6.6277, 52.1, 12.3, 0.12922
6.6282, 51.6, 12.3, 0.12685
6.6283, 51.65, 12.3, 0.12482
6.6286, 51.95, 12.3, 0.12388
6.6287, 51.85, 12.3, 0.12074
6.6288, 51.8, 12.3, 0.11968
6.6788, 52.8, 12.35, 0.15063
6.6795, 52.75, 12.35, 0.14936
6.6805, 52.7, 12.35, 0.14808
6.681, 52.65, 12.35, 0.14678
6.6819, 52.6, 12.35, 0.14549
6.6824, 52.55, 12.35, 0.14467
6.6833, 52.5, 12.35, 0.14246
6.6837, 52.45, 12.35, 0.14115
6.6845, 52.4, 12.35, 0.13939
6.6849, 52.35, 12.35, 0.13855
6.6857, 52.3, 12.35, 0.13726
6.6863, 52.2, 12.35, 0.13418
6.6873, 52.1, 12.35, 0.13109
6.6875, 52.05, 12.35, 0.12976
6.6877, 52, 12.35, 0.12845
6.6879, 51.95, 12.35, 0.12666
6.688, 51.9, 12.35, 0.12486
6.6881, 51.85, 12.35, 0.12356
6.6882, 51.8, 12.35, 0.12222
6.6883, 51.75, 12.35, 0.12043
6.7383, 51.6, 12.35, 0.12329
6.7384, 52.75, 12.4, 0.15215
6.7385, 52.7, 12.4, 0.1504
6.7391, 52.65, 12.4, 0.14911
6.7401, 52.6, 12.4, 0.14783
6.741, 52.55, 12.4, 0.14653
6.7415, 52.5, 12.4, 0.14523
6.7429, 52.4, 12.4, 0.1422
6.7438, 52.35, 12.4, 0.14042
6.7442, 52.3, 12.4, 0.13912
6.7445, 52.25, 12.4, 0.13782
6.7454, 52.2, 12.4, 0.1365
6.7457, 52.15, 12.4, 0.13519
6.746, 52.1, 12.4, 0.13294
6.7467, 52.05, 12.4, 0.13256
6.747, 52, 12.4, 0.13077
6.7472, 51.95, 12.4, 0.12945
6.7474, 51.9, 12.4, 0.12767
6.7476, 51.85, 12.4, 0.12635
6.7477, 51.8, 12.4, 0.12549
6.7479, 51.75, 12.4, 0.12368
6.748, 51.65, 12.4, 0.12102
6.7481, 51.6, 12.4, 0.11975
6.7981, 51.5, 12.4, 0.12286
6.7982, 52.6, 12.45, 0.15017
6.7988, 52.55, 12.45, 0.14981
6.7998, 52.5, 12.45, 0.14713
6.8003, 52.45, 12.45, 0.14629
6.8013, 52.4, 12.45, 0.14408
6.8018, 52.35, 12.45, 0.14371
6.8027, 52.3, 12.45, 0.14148
6.8031, 52.25, 12.45, 0.14065
6.804, 52.2, 12.45, 0.13839
6.8044, 52.15, 12.45, 0.13803
6.8047, 52.1, 12.45, 0.13621
6.8055, 52.05, 12.45, 0.13397
6.8058, 52, 12.45, 0.13268
6.8061, 51.95, 12.45, 0.13183
6.8064, 51.9, 12.45, 0.13048
6.8066, 51.85, 12.45, 0.12917
6.807, 51.25, 12.45, 0.12912
6.8073, 51.8, 12.45, 0.12641
6.8075, 51.5, 12.45, 0.11934
6.8576, 51.55, 12.45, 0.12023
6.858, 52.5, 12.5, 0.14986
6.8587, 52.45, 12.5, 0.14856
6.8593, 52.4, 12.5, 0.14726
6.8603, 52.35, 12.5, 0.14597
6.8608, 52.3, 12.5, 0.14421
6.8617, 52.25, 12.5, 0.14337
6.8622, 52.2, 12.5, 0.14112
6.8631, 52.15, 12.5, 0.13981
6.8635, 52.1, 12.5, 0.13896
6.8639, 52.05, 12.5, 0.1367
6.8642, 52, 12.5, 0.13539
6.865, 51.95, 12.5, 0.13406
6.8654, 51.9, 12.5, 0.13321
6.8656, 51.85, 12.5, 0.13142
6.8659, 51.8, 12.5, 0.12961
6.8661, 51.75, 12.5, 0.12829
6.8664, 51.7, 12.5, 0.12744
6.8667, 51.2, 12.5, 0.12708
6.867, 51.5, 12.5, 0.12162
6.8671, 51.45, 12.5, 0.1198
6.9171, 51.4, 12.5, 0.11985
6.9172, 51.55, 12.5, 0.12249
6.9174, 52.4, 12.55, 0.14956
6.9183, 52.35, 12.55, 0.14827
6.9189, 52.3, 12.55, 0.14648
6.9199, 52.25, 12.55, 0.14518
6.9204, 52.2, 12.55, 0.14387
6.9209, 52.15, 12.55, 0.14256
6.9218, 52.1, 12.55, 0.14076
6.9223, 52.05, 12.55, 0.13993
6.9227, 52, 12.55, 0.13862
6.9236, 51.95, 12.55, 0.13635
6.9239, 51.9, 12.55, 0.13503
6.9243, 51.85, 12.55, 0.1337
6.9253, 50.95, 12.55, 0.13338
6.9254, 51.75, 12.55, 0.13105
6.9256, 51.7, 12.55, 0.12972
6.9259, 51.65, 12.55, 0.12743
6.926, 51.1, 12.55, 0.12717
6.9261, 51.6, 12.55, 0.12655
6.9263, 51.55, 12.55, 0.12523
6.9264, 51.3, 12.55, 0.11943
6.9269, 51.35, 12.55, 0.11891
6.9769, 52.3, 12.6, 0.14876
6.9777, 52.25, 12.6, 0.14746
6.9782, 52.2, 12.6, 0.14615
6.9792, 52.15, 12.6, 0.14531
6.9798, 52.1, 12.6, 0.14353
6.9807, 52.05, 12.6, 0.14174
6.9812, 52, 12.6, 0.14089
6.9816, 51.95, 12.6, 0.1391
6.9821, 51.9, 12.6, 0.1373
6.9829, 51.85, 12.6, 0.13645
6.9833, 51.8, 12.6, 0.13512
6.9837, 51.75, 12.6, 0.13333
6.984, 51.7, 12.6, 0.13151
6.9843, 51.65, 12.6, 0.13066
6.985, 51.6, 12.6, 0.12884
6.9853, 51.55, 12.6, 0.12749
6.9855, 51.05, 12.6, 0.12569
6.9856, 51.35, 12.6, 0.12116
6.9857, 51.3, 12.6, 0.12078
6.9858, 51.25, 12.6, 0.11894
7.0358, 51.2, 12.6, 0.12001
7.0359, 51.15, 12.6, 0.12157
7.036, 52.25, 12.65, 0.15019
7.0361, 52.2, 12.65, 0.14889
7.0371, 52.15, 12.65, 0.14709
7.0377, 52.1, 12.65, 0.14579
7.0383, 52.05, 12.65, 0.14446
7.0393, 52, 12.65, 0.14315
7.0398, 51.95, 12.65, 0.14182
7.0402, 51.9, 12.65, 0.1405
7.0412, 51.85, 12.65, 0.13872
7.0416, 51.8, 12.65, 0.1369
7.042, 51.75, 12.65, 0.13605
7.0424, 51.7, 12.65, 0.13425
7.0432, 51.65, 12.65, 0.13339
7.0435, 51.6, 12.65, 0.13108
7.0439, 51.55, 12.65, 0.12928
7.0441, 51.5, 12.65, 0.12888
7.0444, 51.45, 12.65, 0.12707
7.0446, 51.4, 12.65, 0.12524
7.0448, 51.35, 12.65, 0.12486
7.045, 51.15, 12.65, 0.11852
7.095, 51.2, 12.65, 0.11935
7.0953, 52.1, 12.7, 0.14807
7.0963, 52.05, 12.7, 0.14677
7.0969, 52, 12.7, 0.14544
7.0979, 51.95, 12.7, 0.14268
7.0985, 51.9, 12.7, 0.14232
7.099, 51.85, 12.7, 0.14099
7.0994, 51.8, 12.7, 0.1392
7.1004, 51.75, 12.7, 0.13789
7.1008, 51.7, 12.7, 0.1365
7.1012, 51.65, 12.7, 0.13519
7.1016, 51.6, 12.7, 0.13338
7.102, 51.55, 12.7, 0.13298
7.1028, 51.5, 12.7, 0.13022
7.1031, 51.45, 12.7, 0.12936
7.1034, 51.4, 12.7, 0.12753
7.1037, 51.35, 12.7, 0.1257
7.1038, 51.2, 12.7, 0.12261
7.1041, 51.1, 12.7, 0.11939
7.1042, 51.05, 12.7, 0.11818
7.1543, 52.05, 12.75, 0.14896
7.1546, 52, 12.75, 0.14763
7.1552, 51.95, 12.75, 0.14631
7.1562, 51.9, 12.75, 0.145
7.1568, 51.85, 12.75, 0.14366
7.1573, 51.8, 12.75, 0.14234
7.1583, 51.75, 12.75, 0.14055
7.1588, 51.7, 12.75, 0.1392
7.1593, 51.65, 12.75, 0.13787
7.1597, 51.6, 12.75, 0.13605
7.1606, 51.55, 12.75, 0.13518
7.161, 51.5, 12.75, 0.13289
7.1614, 51.45, 12.75, 0.13155
7.1617, 51.4, 12.75, 0.1302
7.162, 51.35, 12.75, 0.12884
7.1623, 51.3, 12.75, 0.12749
7.1626, 51.25, 12.75, 0.12615
7.1628, 51.2, 12.75, 0.12478
7.1629, 50.85, 12.75, 0.12192
7.1631, 51, 12.75, 0.11838
7.2131, 50.95, 12.75, 0.11875
7.2132, 50.9, 12.75, 0.12082
7.2133, 51.95, 12.8, 0.14901
7.2136, 51.9, 12.8, 0.14722
7.2147, 51.85, 12.8, 0.14588
7.2158, 51.75, 12.8, 0.14275
7.2168, 51.7, 12.8, 0.14142
7.2174, 51.65, 12.8, 0.14009
7.2178, 51.6, 12.8, 0.13876
7.2183, 51.55, 12.8, 0.13646
7.2188, 51.5, 12.8, 0.13607
7.2192, 51.45, 12.8, 0.13424
7.2201, 51.4, 12.8, 0.13241
7.2204, 51.35, 12.8, 0.13154
7.2208, 51.3, 12.8, 0.12971
7.2211, 51.25, 12.8, 0.12788
7.2214, 51.1, 12.8, 0.1238
7.2217, 51.05, 12.8, 0.12243
7.2218, 50.85, 12.8, 0.11936
7.222, 50.95, 12.8, 0.11922
7.2222, 50.9, 12.8, 0.11784
7.2722, 51.85, 12.85, 0.14763
7.2727, 51.8, 12.85, 0.14631
7.2734, 51.75, 12.85, 0.14497
7.2744, 51.7, 12.85, 0.14317
7.275, 51.65, 12.85, 0.1423
7.2755, 51.6, 12.85, 0.14095
7.2761, 51.55, 12.85, 0.13962
7.277, 51.5, 12.85, 0.13778
7.2775, 51.45, 12.85, 0.13645
7.278, 51.4, 12.85, 0.13461
7.2784, 51.35, 12.85, 0.13375
7.2788, 51.3, 12.85, 0.13192
7.2792, 51.25, 12.85, 0.13055
7.2795, 51.2, 12.85, 0.12921
7.2798, 51.15, 12.85, 0.12737
7.2802, 51.1, 12.85, 0.12649
7.2804, 50.95, 12.85, 0.12143
7.2806, 50.75, 12.85, 0.11952
7.2808, 50.85, 12.85, 0.11868
7.281, 50.8, 12.85, 0.11792
7.331, 51.75, 12.9, 0.14766
7.3316, 51.7, 12.9, 0.14536
7.3322, 51.65, 12.9, 0.14451
7.3333, 51.6, 12.9, 0.14315
7.3338, 51.55, 12.9, 0.14182
7.3344, 51.5, 12.9, 0.14
7.3349, 51.45, 12.9, 0.13865
7.3354, 51.4, 12.9, 0.13731
7.3364, 51.35, 12.9, 0.13594
7.3368, 51.3, 12.9, 0.1346
7.3373, 51.25, 12.9, 0.13277
7.3377, 51.2, 12.9, 0.13138
7.3381, 51.15, 12.9, 0.13005
7.3384, 51.1, 12.9, 0.1282
7.3387, 51.05, 12.9, 0.12683
7.339, 51, 12.9, 0.12497
7.3391, 50.9, 12.9, 0.12273
7.3392, 50.6, 12.9, 0.12176
7.3393, 50.85, 12.9, 0.12136
7.3394, 50.7, 12.9, 0.11807
7.3894, 50.75, 12.9, 0.11811
7.3897, 51.7, 12.95, 0.14853
7.3899, 51.65, 12.95, 0.14625
7.3906, 51.6, 12.95, 0.14442
7.3912, 51.55, 12.95, 0.14404
7.3918, 51.5, 12.95, 0.14222
7.3928, 51.45, 12.95, 0.13991
7.3939, 51.35, 12.95, 0.13815
7.3944, 51.3, 12.95, 0.13633
7.3949, 51.25, 12.95, 0.13498
7.3954, 51.2, 12.95, 0.13362
7.3958, 51.15, 12.95, 0.13227
7.3962, 51.1, 12.95, 0.13088
7.3966, 51.05, 12.95, 0.12903
7.397, 51, 12.95, 0.1272
7.3973, 50.95, 12.95, 0.12632
7.3976, 50.9, 12.95, 0.12447
7.3977, 50.8, 12.95, 0.1217
7.3979, 50.75, 12.95, 0.11983
7.398, 50.6, 12.95, 0.11829
7.3983, 50.65, 12.95, 0.11667
7.4483, 51.6, 13, 0.14752
7.4485, 51.55, 13, 0.14618
7.4498, 51.45, 13, 0.14301
7.4504, 51.4, 13, 0.14166
7.4515, 51.35, 13, 0.13983
7.4521, 51.3, 13, 0.13896
7.4531, 51.2, 13, 0.13577
7.4536, 51.15, 13, 0.13439
7.4541, 51.1, 13, 0.13254
7.4545, 51.05, 13, 0.13166
7.4549, 51, 13, 0.12982
7.4553, 50.95, 13, 0.12797
7.4557, 50.25, 13, 0.12793
7.4558, 50.8, 13, 0.12433
7.4561, 50.75, 13, 0.12294
7.4563, 50.45, 13, 0.12052
7.4565, 50.55, 13, 0.1173
7.5065, 50.5, 13, 0.11891
7.5067, 51.5, 13.05, 0.14653
7.5073, 51.45, 13.05, 0.14519
7.508, 51.4, 13.05, 0.14432
7.5086, 51.35, 13.05, 0.14247
7.5092, 51.3, 13.05, 0.14114
7.5098, 51.25, 13.05, 0.13928
7.5104, 51.2, 13.05, 0.13793
7.5109, 51.15, 13.05, 0.13655
7.5114, 51.1, 13.05, 0.13471
7.5119, 51.05, 13.05, 0.13336
7.5124, 51, 13.05, 0.13197
7.5128, 50.95, 13.05, 0.13012
7.5133, 50.9, 13.05, 0.12923
7.5136, 50.85, 13.05, 0.12739
7.514, 50.8, 13.05, 0.12648
7.5144, 50.75, 13.05, 0.12461
7.5145, 50.65, 13.05, 0.12184
7.5147, 50.5, 13.05, 0.11718
7.5647, 50.45, 13.05, 0.11799
7.5649, 50.55, 13.05, 0.11857
7.565, 50.4, 13.05, 0.1196
7.5651, 51.4, 13.1, 0.14599
7.5658, 51.35, 13.1, 0.14464
7.5665, 51.3, 13.1, 0.1428
7.5671, 51.25, 13.1, 0.1424
7.5677, 51.2, 13.1, 0.14056
7.5683, 51.15, 13.1, 0.13921
7.5689, 51.1, 13.1, 0.13783
7.5694, 51.05, 13.1, 0.13598
7.5699, 51, 13.1, 0.13462
7.5704, 50.95, 13.1, 0.13323
7.5709, 50.9, 13.1, 0.13138
7.5717, 50.8, 13.1, 0.12862
7.5721, 50.75, 13.1, 0.12725
7.5725, 50.7, 13.1, 0.12538
7.5727, 50.6, 13.1, 0.12259
7.573, 50.45, 13.1, 0.11792
7.5732, 50.4, 13.1, 0.11659
7.6232, 50.35, 13.1, 0.11869
7.6234, 51.3, 13.15, 0.14494
7.6244, 51.25, 13.15, 0.14455
7.625, 51.2, 13.15, 0.1427
7.6257, 51.15, 13.15, 0.14135
7.6269, 51.05, 13.15, 0.13861
7.6275, 51, 13.15, 0.13675
7.628, 50.95, 13.15, 0.13537
7.6285, 50.9, 13.15, 0.13401
7.629, 50.85, 13.15, 0.13215
7.6295, 50.8, 13.15, 0.13076
7.6299, 50.75, 13.15, 0.12889
7.6303, 50.65, 13.15, 0.12661
7.6306, 50.6, 13.15, 0.12474
7.631, 50.55, 13.15, 0.12335
7.6311, 50.45, 13.15, 0.12056
7.6314, 50.3, 13.15, 0.11681
7.6814, 50.35, 13.15, 0.11726
7.6816, 51.25, 13.2, 0.14526
7.6819, 51.2, 13.2, 0.1439
7.6826, 51.15, 13.2, 0.14303
7.6833, 51.1, 13.2, 0.14213
7.6839, 51.05, 13.2, 0.14027
7.6846, 51, 13.2, 0.13892
7.6852, 50.95, 13.2, 0.13753
7.6863, 50.85, 13.2, 0.13479
7.6868, 50.8, 13.2, 0.1329
7.6873, 50.75, 13.2, 0.13152
7.6878, 50.7, 13.2, 0.12967
7.6881, 50.6, 13.2, 0.1269
7.6885, 50.55, 13.2, 0.1255
7.6889, 50.5, 13.2, 0.12409
7.6891, 50.4, 13.2, 0.12083
7.6893, 50.15, 13.2, 0.11916
7.6894, 50.25, 13.2, 0.1161
7.7394, 50.2, 13.2, 0.11755
7.7396, 50.3, 13.2, 0.11802
7.7397, 51.15, 13.25, 0.14511
7.7403, 51.1, 13.25, 0.14376
7.741, 51.05, 13.25, 0.14238
7.7417, 51, 13.25, 0.14101
7.7423, 50.95, 13.25, 0.13915
7.7429, 50.9, 13.25, 0.13826
7.7435, 50.85, 13.25, 0.1364
7.7441, 50.8, 13.25, 0.13499
7.7447, 50.75, 13.25, 0.13314
7.7452, 50.7, 13.25, 0.13225
7.7457, 50.6, 13.25, 0.12947
7.7461, 50.55, 13.25, 0.12759
7.7465, 50.5, 13.25, 0.1257
7.7468, 50.4, 13.25, 0.1229
7.7472, 50.35, 13.25, 0.12149
7.7473, 50.15, 13.25, 0.11664
7.7973, 50.1, 13.25, 0.11825
7.7976, 51.05, 13.3, 0.14449
7.7983, 51, 13.3, 0.14263
7.799, 50.95, 13.3, 0.14126
7.7997, 50.9, 13.3, 0.13988
7.8003, 50.85, 13.3, 0.1385
7.801, 50.8, 13.3, 0.13712
7.8016, 50.75, 13.3, 0.13525
7.8021, 50.7, 13.3, 0.13435
7.8027, 50.65, 13.3, 0.13248
7.8032, 50.6, 13.3, 0.13156
7.8037, 50.5, 13.3, 0.1278
7.8042, 50.45, 13.3, 0.12639
7.8046, 50.4, 13.3, 0.12499
7.8049, 50.3, 13.3, 0.12169
7.805, 50.2, 13.3, 0.11888
7.8051, 50, 13.3, 0.11849
7.8053, 50.15, 13.3, 0.11748
7.8054, 50.05, 13.3, 0.11688
7.8056, 50.1, 13.3, 0.11606
7.8556, 51, 13.35, 0.1457
7.8557, 50.95, 13.35, 0.14385
7.8565, 50.9, 13.35, 0.14248
7.8572, 50.85, 13.35, 0.14108
7.8578, 50.8, 13.35, 0.13922
7.8585, 50.75, 13.35, 0.13833
7.8591, 50.7, 13.35, 0.13645
7.8597, 50.65, 13.35, 0.13504
7.8603, 50.6, 13.35, 0.13268
7.8609, 50.5, 13.35, 0.13039
7.8614, 50.45, 13.35, 0.12898
7.8619, 50.4, 13.35, 0.12758
7.8622, 50.3, 13.35, 0.12429
7.8626, 49.8, 13.35, 0.12252
7.8629, 50.15, 13.35, 0.11956
7.863, 50.05, 13.35, 0.11673
7.8633, 50, 13.35, 0.116
7.9133, 50.9, 13.4, 0.14457
7.914, 50.85, 13.4, 0.1427
7.9147, 50.8, 13.4, 0.14131
7.9154, 50.75, 13.4, 0.13993
7.9161, 50.7, 13.4, 0.13853
7.9168, 50.65, 13.4, 0.13666
7.9169, 50.6, 13.4, 0.13576
7.9175, 50.55, 13.4, 0.13339
7.9181, 50.5, 13.4, 0.13248
7.9186, 50.45, 13.4, 0.13107
7.9192, 50.35, 13.4, 0.12778
7.9197, 50.3, 13.4, 0.12637
7.92, 50.2, 13.4, 0.12306
7.9204, 50.15, 13.4, 0.12164
7.9206, 49.8, 13.4, 0.12053
7.9207, 50.05, 13.4, 0.1193
7.9208, 49.95, 13.4, 0.11598
7.9708, 49.9, 13.4, 0.11627
7.9711, 50.85, 13.45, 0.14479
7.9712, 50.8, 13.45, 0.14342
7.9719, 50.75, 13.45, 0.14154
7.9727, 50.7, 13.45, 0.14064
7.9734, 50.65, 13.45, 0.13876
7.974, 50.6, 13.45, 0.13639
7.9742, 50.55, 13.45, 0.13595
7.9748, 50.5, 13.45, 0.13456
7.9754, 50.45, 13.45, 0.13318
7.976, 50.4, 13.45, 0.13128
7.9766, 50.3, 13.45, 0.12846
7.9771, 50.25, 13.45, 0.12657
7.9775, 50.15, 13.45, 0.12373
7.978, 50.1, 13.45, 0.12231
7.9782, 49.85, 13.45, 0.11646
7.9784, 49.9, 13.45, 0.11616
8.0284, 49.8, 13.45, 0.11707
8.0285, 49.95, 13.45, 0.11756
8.0286, 50.75, 13.5, 0.14358
8.0292, 50.7, 13.5, 0.14221
8.03, 50.65, 13.5, 0.14081
8.0302, 50.6, 13.5, 0.13893
8.0309, 50.55, 13.5, 0.13852
8.0316, 50.5, 13.5, 0.13711
8.0322, 50.45, 13.5, 0.13473
8.0329, 50.4, 13.5, 0.13332
8.0335, 50.35, 13.5, 0.13142
8.0336, 50.3, 13.5, 0.131
8.0341, 50.25, 13.5, 0.1296
8.0346, 49.4, 13.5, 0.12871
8.035, 49.45, 13.5, 0.12707
8.0351, 50.1, 13.5, 0.12486
8.0355, 49.6, 13.5, 0.12164
8.0358, 49.75, 13.5, 0.11671
8.036, 49.8, 13.5, 0.11533
8.086, 49.85, 13.5, 0.11676
8.0862, 50.65, 13.55, 0.14287
8.0869, 50.6, 13.55, 0.14148
8.0876, 50.55, 13.55, 0.14008
8.0884, 50.5, 13.55, 0.13869
8.0886, 50.45, 13.55, 0.13728
8.0899, 50.35, 13.55, 0.13348
8.0905, 50.3, 13.55, 0.13255
8.0911, 50.25, 13.55, 0.13166
8.0912, 50.2, 13.55, 0.12925
8.0918, 50.15, 13.55, 0.12835
8.0922, 49.35, 13.55, 0.12789
8.0923, 50.1, 13.55, 0.12693
8.0925, 49.4, 13.55, 0.12625
8.0927, 49.95, 13.55, 0.12115
8.0929, 49.55, 13.55, 0.1208
8.0931, 49.7, 13.55, 0.11537
8.1431, 49.75, 13.55, 0.11595
8.1433, 49.65, 13.55, 0.11701
8.1434, 49.8, 13.55, 0.11737
8.1435, 50.6, 13.6, 0.14402
8.1439, 50.55, 13.6, 0.14164
8.1447, 50.5, 13.6, 0.14023
8.1454, 50.45, 13.6, 0.13884
8.1457, 50.4, 13.6, 0.13793
8.1464, 50.35, 13.6, 0.13604
8.147, 50.3, 13.6, 0.13461
8.1477, 50.25, 13.6, 0.1327
8.1478, 50.2, 13.6, 0.1313
8.1484, 50.15, 13.6, 0.12988
8.149, 50.1, 13.6, 0.12845
8.1491, 50.05, 13.6, 0.12703
8.1496, 49.95, 13.6, 0.1237
8.1501, 49.9, 13.6, 0.12227
8.1502, 49.45, 13.6, 0.1211
8.1504, 49.75, 13.6, 0.11747
8.1506, 49.65, 13.6, 0.1146
8.2006, 49.6, 13.6, 0.11619
8.2009, 50.5, 13.65, 0.14228
8.2013, 50.45, 13.65, 0.14087
8.2021, 50.4, 13.65, 0.13949
8.2028, 50.35, 13.65, 0.13808
8.2036, 50.3, 13.65, 0.13665
8.2038, 50.25, 13.65, 0.13475
8.2044, 50.2, 13.65, 0.13382
8.2051, 50.15, 13.65, 0.1319
8.2057, 50.1, 13.65, 0.13
8.2058, 50.05, 13.65, 0.12907
8.2064, 50, 13.65, 0.12715
8.2065, 49.95, 13.65, 0.12622
8.207, 49.25, 13.65, 0.12578
8.2073, 49.3, 13.65, 0.12412
8.2074, 49.75, 13.65, 0.12001
8.2076, 49.45, 13.65, 0.11867
8.2077, 49.65, 13.65, 0.11663
8.208, 49.55, 13.65, 0.11436
8.258, 49.6, 13.65, 0.11469
8.2581, 50.4, 13.7, 0.14103
8.2588, 50.35, 13.7, 0.14011
8.2596, 50.3, 13.7, 0.13822
8.2604, 50.25, 13.7, 0.13679
8.2611, 50.2, 13.7, 0.13539
8.2613, 50.15, 13.7, 0.13397
8.262, 50.1, 13.7, 0.13204
8.2626, 50.05, 13.7, 0.13063
8.2628, 50, 13.7, 0.12919
8.2634, 49.9, 13.7, 0.12685
8.264, 49.8, 13.7, 0.12397
8.2645, 49.7, 13.7, 0.12111
8.2647, 49.55, 13.7, 0.11628
8.265, 49.45, 13.7, 0.11572
8.2651, 49.5, 13.7, 0.11382
8.2975, 61.35, 14.9, 0.08348
8.3111, 61.5, 14.95, 0.08272
8.3525, 61.5, 15, 0.08271
8.3938, 61.5, 15.05, 0.08268
8.412, 42.3, 14.2, 0
8.462, 42.35, 14.2, 0
8.4694, 42.4, 14.2, 0
8.4761, 42.45, 14.2, 0
8.4828, 60.8, 14.95, 0
8.4893, 60.75, 14.95, 0
8.498, 60.7, 14.95, 0
8.5072, 60.65, 14.95, 0
8.5159, 61.3, 15.1, 0.08312
8.5232, 52.2, 13.95, 0.11026